{"cameraMode":{"drawMode":2,"name":"Shaded Wireframe","section":"Shading Mode"},"sceneLighting":true,"audioPlay":false,"sceneViewState":{"m_AlwaysRefresh":false,"showFog":true,"showSkybox":true,"showFlares":true,"showImageEffects":true,"showParticleSystems":true,"showVisualEffectGraphs":true,"m_FxEnabled":true},"in2DMode":false,"pivot":{"x":2.0920071601867677,"y":1.3022021055221558,"z":-23.872684478759767},"rotation":{"x":0.11215007305145264,"y":-0.16712242364883424,"z":0.01909293234348297,"w":0.9794450998306274},"size":0.4790218770503998,"orthographic":false}